<?xml version="1.0" encoding="UTF-8"?>
<project-private xmlns="http://www.netbeans.org/ns/project-private/1">
    <editor-bookmarks xmlns="http://www.netbeans.org/ns/editor-bookmarks/2" lastBookmarkId="0"/>
    <open-files xmlns="http://www.netbeans.org/ns/projectui-open-files/2">
        <group>
            <file>file:/E:/web/LAMS/src/views/BooklayoutController.java</file>
            <file>file:/E:/web/LAMS/src/views/Availabledetails.java</file>
            <file>file:/E:/web/LAMS/src/lams/LAMS.java</file>
            <file>file:/E:/web/LAMS/src/views/Availablelequipments.java</file>
            <file>file:/E:/web/LAMS/src/lams/Functions1.java</file>
            <file>file:/E:/web/LAMS/src/views/AddequipmentsController.java</file>
            <file>file:/E:/web/LAMS/src/lams/HomeController.java</file>
            <file>file:/E:/web/LAMS/src/lams/Equipments/Equipments.java</file>
        </group>
    </open-files>
</project-private>
